DP,departamento,casos_observados,casos_predichos,error,error_abs,error_relativo_pct
5,Antioquia,506,521.1313587624983,-15.13135876249828,15.13135876249828,-2.9903871072130985
8,Atlántico,76,111.37862496162569,-35.37862496162569,35.37862496162569,-46.550822317928535
11,"Bogotá, D.C.",363,444.32614728262007,-81.32614728262007,81.32614728262007,-22.40389732303583
13,Bolívar,74,83.0234815460742,-9.023481546074194,9.023481546074194,-12.193893981181343
15,Boyacá,99,93.60561710995226,5.394382890047737,5.394382890047737,5.448871606108825
17,Caldas,92,92.61297985672856,-0.6129798567285576,0.6129798567285576,-0.6662824529658234
18,Caquetá,37,25.54897838680792,11.45102161319208,11.45102161319208,30.948707062681297
19,Cauca,86,84.71823519071107,1.28176480928893,1.28176480928893,1.490424196847593
20,Cesar,67,87.27658398198086,-20.276583981980863,20.276583981980863,-30.26355818206099
23,Córdoba,79,60.89919846187677,18.10080153812323,18.10080153812323,22.912407010282568
25,Cundinamarca,208,209.0127905317322,-1.0127905317322075,1.0127905317322075,-0.4869185248712536
27,Chocó,23,12.773414330744934,10.226585669255066,10.226585669255066,44.46341595328289
41,Huila,87,98.77612024125753,-11.77612024125753,11.77612024125753,-13.535770392250035
44,La Guajira,27,33.72922447235436,-6.72922447235436,6.72922447235436,-24.923053601312446
47,Magdalena,53,59.36744334359282,-6.367443343592818,6.367443343592818,-12.014044044514751
50,Meta,83,72.70016351066877,10.299836489331227,10.299836489331227,12.409441553411117
52,Nariño,137,98.37305964002573,38.62694035997427,38.62694035997427,28.19484697808341
54,Norte de Santander,119,116.30058161608487,2.6994183839151304,2.6994183839151304,2.2684188100127147
63,Quindío,45,51.246487047865514,-6.246487047865514,6.246487047865514,-13.881082328590033
66,Risaralda,89,86.67304337916568,2.3269566208343235,2.3269566208343235,2.6145580009374423
68,Santander,122,152.60853654384636,-30.608536543846355,30.608536543846355,-25.08896438020193
70,Sucre,48,55.32808708572527,-7.328087085725272,7.328087085725272,-15.266848095260984
73,Tolima,112,117.62764902400838,-5.627649024008377,5.627649024008377,-5.024686628578908
76,Valle del Cauca,261,269.36371090126977,-8.36371090126977,8.36371090126977,-3.204486935352402
81,Arauca,25,33.08109252515424,-8.08109252515424,8.08109252515424,-32.32437010061696
85,Casanare,25,31.748969838847188,-6.748969838847188,6.748969838847188,-26.99587935538875
86,Putumayo,30,31.44802944379928,-1.4480294437992782,1.4480294437992782,-4.826764812664261
88,"Archipiélago de San Andrés, Providencia y Santa Catalina",5,2.3059271592602966,2.6940728407397034,2.6940728407397034,53.88145681479407
91,Amazonas,7,5.831423555261603,1.168576444738397,1.168576444738397,16.693949210548528
94,Guainía,6,2.564141800798641,3.435858199201359,3.435858199201359,57.26430332002265
95,Guaviare,8,6.067794825137292,1.932205174862708,1.932205174862708,24.15256468578385
97,Vaupés,9,6.4634311051200015,2.5365688948799985,2.5365688948799985,28.184098831999982
99,Vichada,5,3.0031323159670267,1.9968676840329733,1.9968676840329733,39.93735368065946
